evento,distanza,paese,zona,categoria,riferimento_nazionale,edizione,km,dplus,prezzo,valuta,scaglione,prezzo_precedente,edizione_precedente,include_iva,include_commissioni,fonte_url,altre_fonti_url,fonte_storico_url,fonte_prezzo_precedente_url,fonte_tipo,data_verifica,note,motivo
Tor des Géants,TOR330,IT,,grande_circuito,no,2024,330,24000,900,EUR,standard,,,,,,,,,da verificare,,Iscrizione a sorteggio,fonte ufficiale da trovare (riga del vecchio CSV)
Adamello Ultra Trail,AUT 170,IT,,piccola,no,2026,170,11500,240,EUR,standard,,,,,,,,,da verificare,,Early bird 220 (2025: 200); 15 PAX TOR330,fonte ufficiale da trovare (riga del vecchio CSV)
Adamello Ultra Trail,AT 100,IT,,piccola,no,2026,100,6050,140,EUR,standard,,,,,,,,,da verificare,,Early bird 120 (2025: 100),fonte ufficiale da trovare (riga del vecchio CSV)
Adamello Ultra Trail,AST 35,IT,,piccola,no,2026,35,2200,40,EUR,standard,,,,,,,,,da verificare,,Prezzo unico,fonte ufficiale da trovare (riga del vecchio CSV)
Ultrabericus Trail,Integrale,IT,,piccola,no,2026,65,2500,70,EUR,standard,,,,,,,,,da verificare,,Early 50; +4 EUR tesseramento ASI per non tesserati; nessuna commissione online,fonte ufficiale da trovare (riga del vecchio CSV)
Ultrabericus Trail,Marathon,IT,,piccola,no,2026,43,1500,50,EUR,standard,,,,,,,,,da verificare,,Early 35,fonte ufficiale da trovare (riga del vecchio CSV)
Ultrabericus Trail,Urban,IT,,piccola,no,2026,21,700,30,EUR,standard,,,,,,,,,da verificare,,Early 20,fonte ufficiale da trovare (riga del vecchio CSV)
Rosengarten Schlern Sky Marathon,46K,IT,,piccola,no,2026,46,3000,80,EUR,standard,,,,,,,,,da verificare,,,fonte ufficiale da trovare (riga del vecchio CSV)
XTERRA Abruzzo Trail Run,Marathon,IT,,piccola,no,2026,41,3000,55,EUR,standard,,,,,,,,,da verificare,,Early 45 / last 65,fonte ufficiale da trovare (riga del vecchio CSV)
XTERRA Abruzzo Trail Run,Mezza,IT,,piccola,no,2026,25,1900,35,EUR,standard,,,,,,,,,da verificare,,Early 25 / last 45,fonte ufficiale da trovare (riga del vecchio CSV)
Trail del Galestro,Lungo,IT,,piccola,no,2026,46,2400,50,EUR,standard,,,,,,,,,da verificare,,Sovrapprezzo nel weekend di gara,fonte ufficiale da trovare (riga del vecchio CSV)
Trail del Galestro,Medio,IT,,piccola,no,2026,22,1100,30,EUR,standard,,,,,,,,,da verificare,,,fonte ufficiale da trovare (riga del vecchio CSV)
Primiero Dolomiti Marathon,42K,IT,,piccola,no,2026,42,1243,40,EUR,early,,,,,,,,,da verificare,,Solo prezzo agevolato trovato,fonte ufficiale da trovare (riga del vecchio CSV)
Montegelli Trail,25K,IT,,piccola,no,2026,25,1400,25,EUR,standard,,,,,,,,,da verificare,,1 punto ITRA,fonte ufficiale da trovare (riga del vecchio CSV)
Colmen Trail,CT22,IT,,piccola,no,2026,21.5,1340,35,EUR,standard,,,,,,,,,da verificare,,Early 30,fonte ufficiale da trovare (riga del vecchio CSV)
Trail Alba dei Marsi,Trail lungo,IT,,piccola,no,2026,21,850,20,EUR,standard,,,,,,,,,da verificare,,,fonte ufficiale da trovare (riga del vecchio CSV)
Trabucco Trail,15K,IT,,piccola,no,2026,15.5,1332,27,EUR,standard,,,,,,,,,da verificare,,,fonte ufficiale da trovare (riga del vecchio CSV)
Lakeland 50,50 miglia,UK,,piccola,no,2027,80,3100,190,GBP,standard,160,2026,,,,,,,da verificare,,Iscrizione a ballot,fonte ufficiale da trovare (riga del vecchio CSV)
Scafell Sky Ultra,60K,UK,,piccola,no,2026,60,4400,140,GBP,standard,,,,,,,,,da verificare,,Early 130,fonte ufficiale da trovare (riga del vecchio CSV)
Lakes in a Day,50 miglia,UK,,piccola,no,2026,80,4000,160,GBP,standard,,,,,,,,,da verificare,,,fonte ufficiale da trovare (riga del vecchio CSV)
Dunoon Ultra,52K,UK,,piccola,no,2026,52.2,983,80,GBP,standard,,,,,,,,,da verificare,,Range 72-80,fonte ufficiale da trovare (riga del vecchio CSV)
SkyRun The Mournes,Mourne SkyUltra,UK,,piccola,no,2026,50,3500,109,GBP,standard,,,,,,,,,da verificare,,,fonte ufficiale da trovare (riga del vecchio CSV)
Keswick Mountain Festival,50K,UK,,piccola,no,2026,50,1800,85,GBP,standard,,,,,,,,,da verificare,,,fonte ufficiale da trovare (riga del vecchio CSV)
Ranger Ultras Peak District,Dark Peak 43K,UK,,piccola,no,2026,43,1192,62,GBP,standard,,,,,,,,,da verificare,,60 se affiliati,fonte ufficiale da trovare (riga del vecchio CSV)
Ranger Ultras Peak District,White Peak 50K,UK,,piccola,no,2026,50,899,62,GBP,standard,,,,,,,,,da verificare,,60 se affiliati,fonte ufficiale da trovare (riga del vecchio CSV)
Sirona 100,100 miglia,UK,,piccola,no,2026,161,4572,205,GBP,standard,,,,,,,,,da verificare,,,fonte ufficiale da trovare (riga del vecchio CSV)
Lakeland 100,100 miglia,UK,,piccola,no,2027,169,6300,220,GBP,standard,190,2026,,,,,,,da verificare,,Distanza effettiva ~105 miglia,fonte ufficiale da trovare (riga del vecchio CSV)
EDDUM,50 miglia,UK,,piccola,no,2026,80,2609,95,GBP,standard,,,,,,,,,da verificare,,,fonte ufficiale da trovare (riga del vecchio CSV)
Durty Trail Weekender,50K Hills & Horizons,UK,,piccola,no,2026,50,1585,55,GBP,standard,,,,,,,,,da verificare,,,fonte ufficiale da trovare (riga del vecchio CSV)
The Fellsman,100K,UK,,piccola,no,2027,100,3350,110,GBP,standard,100,2026,,,,,,,da verificare,,Volontari Scout; cibo incluso,fonte ufficiale da trovare (riga del vecchio CSV)
West Highland Way Race,95 miglia,UK,,piccola,no,2025,153.5,3703,137,GBP,standard,,,,,,,,,da verificare,,Crew motorizzata obbligatoria (min. 2 persone),fonte ufficiale da trovare (riga del vecchio CSV)
Rasus y Bannau,75K,UK,,piccola,no,2026,75.5,3500,79,GBP,standard,,,,,,,,,da verificare,,,fonte ufficiale da trovare (riga del vecchio CSV)
Rasus y Bannau,100K,UK,,piccola,no,2026,104,5100,99,GBP,standard,,,,,,,,,da verificare,,,fonte ufficiale da trovare (riga del vecchio CSV)
Lake District Mountain Trial,Classic,UK,,fell_race,no,2026,40,2440,30,GBP,standard,,,,,,,,,da verificare,,Distanza approssimativa (~25 miglia); U23 £5,fonte ufficiale da trovare (riga del vecchio CSV)
Borrowdale Fell Race,27K,UK,,fell_race,no,2026,27,2000,16,GBP,standard,,,,,,,,,da verificare,,Richiede esperienza fell race,fonte ufficiale da trovare (riga del vecchio CSV)
Campo dei Fiori Trail,Campo dei Fiori Trail NOVAUTO 50K,IT,"Gavirate (VA), Lombardia",piccola,no,2026,50,2500,75,EUR,,,,,,https://www.wedosport.net/campo-dei-fiori-trail-2026/iscrizioni,https://campodeifioritrail.it/le-gare/50k/,,,primaria ufficiale,2026-10-08,"Prezzo letto sulla piattaforma ufficiale Wedosport a iscrizioni chiuse (7 marzo 2026): la tabella scaglioni non è più visibile, quindi non si sa se EUR 75 sia lo scaglione pieno. Distanza: piattaforma 50 km, pagina gara 49 km. Homepage '11a edizione' (livello evento). Nessuna tessera, ma certificato agonistico (Tab. B endurance) obbligatorio. Kit obbligatorio, addebito soccorso fino a EUR 200 se mancante. Commissioni/tasse non dichiarate.",scaglione di prezzo non identificato (tipo_prezzo nell'Excel)
