evento,distanza,paese,zona,categoria,riferimento_nazionale,edizione,km,dplus,prezzo,valuta,scaglione,prezzo_precedente,edizione_precedente,include_iva,include_commissioni,fonte_url,altre_fonti_url,fonte_storico_url,fonte_prezzo_precedente_url,fonte_tipo,data_verifica,note
Trail del Drago,Trail del Drago 10K,IT,"Serso/Pergine Valsugana, Trentino-Alto Adige",piccola,no,2026,10,600,25,EUR,standard,,,,,https://sportdolomiti.it/wp-content/uploads/2026/01/traildeldrago26_reg.pdf,,,,primaria ufficiale,2026-10-08,"Quarta edizione 2026. EUR 25 online, 35 giorno gara. Certificato medico agonistico obbligatorio; costo non pubblicato. Nessuna tessera richiesta dichiarata. Chip, gadget, assistenza, ristori e pasto completo inclusi. Commissioni/tasse non dichiarate."
Trailaghi,Trail dei Canottieri,IT,"Ivrea, Piemonte",piccola,no,2026,14.45,600,20,EUR,standard,,,,,https://www.trailaghi.it/regolamento/regolamento-2026/,,,,primaria ufficiale,2026-10-08,"Certificato medico agonistico obbligatorio; costo non pubblicato. Commissioni/tasse non dichiarate. EUR 15 fino 28/02; 20 online fino 09/04; 25 in loco. No tessera obbligatoria, polizza evento per non soci. Assicurazione no-show opzionale +9%. 2027 annunciata senza nuove quote. Sito percorso indica 605 D+, regolamento 600: usato regolamento. Prezzo 2025 in loco documentato, ma non standard: precedente vuoto."
Doganaccia Trail,Doganaccia DT15K,IT,"Cutigliano, Toscana",piccola,no,2026,15,800,22,EUR,standard,,,,,https://doganaccia2000.it/wp-content/uploads/2026/05/Doganaccia-Trail-2026-REGOLAMENTO-1.pdf,,,,primaria ufficiale,2026-10-08,"Certificato medico agonistico obbligatorio; costo non pubblicato. Commissioni/tasse non dichiarate. Sesta edizione. Non soci EUR 22, soci UISP 20. Tessera non richiesta. Chip, borse, pasta party, pacco gara inclusi. Funivia opzionale A/R EUR 5."
Capo Mannu Trail,Capo Mannu Long Run,IT,"Putzu Idu/San Vero Milis, Sardegna",piccola,no,2026,15.8,267,24,EUR,standard,,,,,https://www.sardiniatrailcompetitions.it/wp-content/uploads/2026/05/REGOLAMENTO-CAPO-MANNU-trail-running-2026-1.pdf,,,,primaria ufficiale,2026-10-08,"Certificato medico agonistico obbligatorio; costo non pubblicato. Commissioni/tasse non dichiarate. Quota unica. Evento dal 2014; edizioni 2025/2026 registrate. Aperta ai non soci. Chip, medaglia, birra, assistenza inclusi. D+ circa, fonte dice poco inferiore a 267."
Maremontana,Maremontana K16,IT,"Loano, Liguria",piccola,no,2026,16.2,720,29,EUR,standard,,,,,https://maremontana.it/wp-content/uploads/2026/02/2026-02-REGOLAMENTO-TRAIL-2026-rev.3-18-02-2026-1.pdf,,,,primaria ufficiale,2026-10-08,"Certificato medico agonistico obbligatorio; costo non pubblicato. Commissioni/tasse non dichiarate. 14a edizione; corpo una volta dice decima, titolo/art.2 XIV. Early EUR 23 fino 31/12/25, standard EUR 29 fino 15/03. Tessera FIDAL/EPS/Runcard; non soci Mountain&Trail Runcard extra EUR 30. Pasto non incluso."
Trail di Montagna Grande (Pantelleria Trail),Trail di Montagna Grande (Pantelleria Trail),IT,"Pantelleria (TP), Sicilia",piccola,no,2026,17,1000,30,EUR,standard,,,,,https://ecotrailsicilia.it/2026-2/regolamento-pantelleria-trail/,,https://ecotrailsicilia.it/2025-2/classifiche-pantelleria-trail-25-5-25/,,primaria ufficiale,2026-10-08,"Gara 23 maggio 2026, almeno 90% sterrato nel Parco Nazionale. Scaglione online finale EUR 30 (18-20/5); 20 fino al 3/5, 25 dal 4 al 17/5, 35 il giorno gara. ACSI/FIDAL/Runcard e certificato agonistico; i non soci possono chiedere il tesseramento ACSI, costo non dichiarato. Kit obbligatorio (coppetta, acqua, giacca e pantaloni impermeabili, coperta termica, telefono). Risultati 2025 e 2026 provano le edizioni dell'evento; nel 2025 la distanza era 15K: non si afferma che la 17K sia già stata corsa. Commissioni/tasse non dichiarate."
Trail del Crocifisso,Trail del Crocifisso,IT,"Ruffano/Taurisano (LE), Puglia",piccola,no,2026,17.5,350,18,EUR,standard,,,,,https://calendario.fidal.it/files/Regolamento%208%20Trail%20del%20Crocefisso.pdf,https://www.pugliatrail.it/parte-il-puglia-trail-con-il-trail-del-crocifisso/,https://www.fidal.it/upload/Puglia/Files/Classifiche/2024/risultati_Taurisano_25-2-24.pdf,,primaria ufficiale,2026-10-08,"22 febbraio 2026, ottava edizione, 90% sterrato ad anello. EUR 18 entro il 19/2; abbonati circuito EUR 13. Pettorale Unico 2026 obbligatorio EUR 10 a parte (pagato dalla società); fuori regione pettorale giornaliero EUR 2. Sovrapprezzo contanti EUR 2 singolo/EUR 5 gruppo. Tessera FIDAL/Runcard o federazione estera e certificato agonistico. Include maglia, sacca e medaglia. Risultati federali 2024 e resoconto 2026. Il percorso 2026 è stato esteso a 17,5 km: non si afferma che questa distanza sia stata corsa prima."
San Fermo Trail,San Fermo Trail,IT,"Borno (BS), Lombardia",piccola,no,2026,18,1200,40,EUR,standard,,,,,https://www.sanfermotrail.it/regolamento,https://www.sanfermotrail.it/percorso,https://www.sanfermotrail.it/classifiche,,primaria ufficiale,2026-10-08,"Regolamento 2026: 18 km e 'Dislivello: 1200 mt' (non etichettato esplicitamente come positivo). La pagina percorso non datata dice 18,26 km/1261 m: discrepanza ufficiale non mediata. Scaglione pieno con pacco EUR 40 (1-19/8); primi 100 EUR 30, poi EUR 35 fino a luglio; senza pacco EUR 20; pacchi limitati a 350. Tessera e certificato agonistico richiesti. Risultati ufficiali 2024 e 2025. Commissioni/tasse non dichiarate."
Valle dei Segni Wine Trail,Valle dei Segni Wine Half Trail,IT,"Piamborno-Darfo Boario Terme (BS), Lombardia",piccola,no,2026,18,950,40,EUR,standard,,,,,https://valledeisegniwinetrail.it/regolamento/,https://valledeisegniwinetrail.it/percorso-18k/,https://valledeisegniwinetrail.it/foto-e-video-2025/,,primaria ufficiale,2026-10-08,"24 ottobre 2026. Scaglione online finale EUR 40 (1-18/10); EUR 30 dal 28/3 al 30/6, EUR 35 luglio-settembre. FIDAL/Runcard/CSEN e certificato agonistico; tesseramento CSEN +EUR 5. La quota include treno per la partenza, trasporto borse, pacco gara, pasto e medaglia. Obbligatori scarpe trail, coppetta, giacca antivento. Foto e video ufficiali 2024 e 2025 provano le edizioni. Regolamento e pagina percorso dicono 18 km/950 m; la mappa incorporata legge 19113 m totali: discrepanza ufficiale non mediata. Commissioni/tasse non dichiarate."
Valtellina Orobie Trail,Valtellina Orobie Trail,IT,"Albosaggia (SO), Lombardia",piccola,no,2026,18,1150,30,EUR,standard,,,,,https://www.valtellinaorobie.it/trail/valtellina-orobie-trail/regolamento/,https://www.valtellinaorobie.it/trail/valtellina-orobie-trail/,https://www.valtellinaorobie.it/trail/wp-content/uploads/2025/05/VOT2025-Classifica-Assoluta.pdf,,primaria ufficiale,2026-10-08,"24 maggio 2026, quinta edizione. Quota unica EUR 30: servizio gara, pacco gara, ristori e pranzo; pagabile al ritiro pettorale. Tessera FIDAL/EPS convenzionata o Runcard e requisiti medici, costi non specificati. Percorso di montagna 1250-2100 m. Risultati ufficiali 2025 e 2026. Le distanze sono cambiate negli anni: edizioni provate a livello evento. Commissioni/tasse non dichiarate."
Erice Trail,Erice Trail,IT,"Erice, Sicilia",piccola,no,2026,20,1300,30,EUR,standard,,,,,https://ecotrailsicilia.it/2026-2/regolamento-erice-trail/,,,,primaria ufficiale,2026-10-08,"Certificato medico agonistico obbligatorio; costo non pubblicato. Commissioni/tasse non dichiarate. EUR 20 fino 15/02; 25 dal 16/02-01/03; 30 dal 02-06/03 (ultima quota online, usata standard non etichettato); 35 in loco. Tessera ACSI/FIDAL/Runcard; ACSI organizzatore per non soci, costo non indicato. Rimborso/trasferimento opzionale EUR 5. Risultati ufficiali 2025/2026."
Trail Monte Casto,Trail Monte Casto 20K,IT,"Andorno Micca, Piemonte",piccola,no,2026,20,850,31,EUR,standard,,,,,https://www.trailmontecasto.it/2024/05/13/regolamento/,,,,primaria ufficiale,2026-10-08,"Certificato medico agonistico obbligatorio; costo non pubblicato. Commissioni/tasse non dichiarate. 19a edizione. Early 24 EUR fino 30/09; 31 EUR 01-17/10. Regolamento 20 km, Wedosport 19 km: usato regolamento. Tessera FIDAL/EPS o federazione estera richiesta; costo non indicato. Pacco gara e pasta party inclusi."
Trail del Drago,Trail del Drago,IT,"Serso/Pergine Valsugana, Trentino-Alto Adige",piccola,no,2026,20,1500,30,EUR,standard,,,,,https://sportdolomiti.it/wp-content/uploads/2026/01/traildeldrago26_reg.pdf,,,,primaria ufficiale,2026-10-08,"Certificato medico agonistico obbligatorio; costo non pubblicato. Commissioni/tasse non dichiarate. Quarta edizione. EUR 30 online; 40 giorno gara. Tessera non dichiarata richiesta. Pasto, gadget, chip, assistenza inclusi."
Trail dei Monti Ebolitani,Trail dei Monti Ebolitani,IT,"Eboli, Campania",piccola,no,2026,21,724,18,EUR,standard,,,,,https://calendario.fidal.it/files/regolamento%20trail%20dei%20monti%20ebolitani.pdf,,https://www.traildeimontiebolitani.it/2026/05/05/la-nona-edizione-e-andata-arrivederci-alla-10ma-il-2-maggio-2027/,,primaria ufficiale,2026-10-08,"Certificato medico agonistico obbligatorio; costo non pubblicato. Commissioni/tasse non dichiarate. Nona edizione; albo 2018-2025. EUR 10 fino 05/04; 15 fino 26/04; 18 fino 01/05 (ultima quota online, non etichettata standard). Tessera FIDAL/Runcard/EPS/federazione estera. 2027 annunciata, quote non pubblicate."
Maunìk Trail,Maunìk Trail 23K,IT,"Faedis (UD), Friuli-Venezia Giulia",piccola,no,2026,23,1200,35,EUR,standard,,,,,https://www.mauniktrail.it/maunik-trail-22-km,https://www.mauniktrail.it/copia-di-programma,https://www.mauniktrail.it/classifiche,,primaria ufficiale,2026-10-08,"Pagina gara 2026: 23 km/1200 D+ (il nome del link e parte del regolamento dicono 22 km: discrepanza ufficiale, usata la pagina gara). EUR 35 dall'1 al 17 aprile; EUR 25 fino a gennaio, EUR 30 febbraio-marzo. Certificato medico e assicurazione infortuni obbligatori, costo assicurazione non dichiarato. Classifiche ufficiali 2023-2026. Commissioni/tasse non dichiarate."
Gubbio Trail Città di Pietra,Gubbio Trail Città di Pietra 25K,IT,"Gubbio (PG), Umbria",piccola,no,2026,25,1500,35,EUR,standard,,,,,https://www.gubbiotrail.it/regolamento/,https://www.gubbiotrail.it/trail-25km/,https://www.gubbiotrail.it/galleria/,,primaria ufficiale,2026-10-08,"Scaglione online finale EUR 35 (1-9 aprile); prima EUR 20 fino al 18/1, 25 fino al 20/2, 30 fino al 31/3. Nessuna iscrizione 25K il giorno gara. Tessera FIDAL/EPS o Runcard e certificazione medica richieste. Telefono obbligatorio. Galleria ufficiale con edizioni 2024 e 2025. Commissioni/tasse non dichiarate."
Trailaghi,Trailaghi Classic,IT,"Ivrea, Piemonte",piccola,no,2026,25.5,1050,30,EUR,standard,,,,,https://www.trailaghi.it/regolamento/regolamento-2026/,,,,primaria ufficiale,2026-10-08,"Certificato medico agonistico obbligatorio; costo non pubblicato. Commissioni/tasse non dichiarate. EUR 25 fino 28/02; 30 online fino 09/04; 35 in loco. No tessera obbligatoria, polizza evento per non soci. Assicurazione no-show opzionale +9%. 2027 annunciata senza nuove quote.  Prezzo 2025 in loco documentato, ma non standard: precedente vuoto."
Doganaccia Trail,Doganaccia DT27K,IT,"Cutigliano, Toscana",piccola,no,2026,27,1650,32,EUR,standard,,,,,https://doganaccia2000.it/wp-content/uploads/2026/05/Doganaccia-Trail-2026-REGOLAMENTO-1.pdf,,,,primaria ufficiale,2026-10-08,"Certificato medico agonistico obbligatorio; costo non pubblicato. Commissioni/tasse non dichiarate. Sesta edizione. Non soci EUR 32, soci UISP 30. Tessera non richiesta. Chip, borse, pasta party, pacco gara inclusi. Funivia opzionale A/R EUR 5."
Maremontana,Maremontana K29,IT,"Loano, Liguria",piccola,no,2026,28.6,1514,49,EUR,standard,,,,,https://maremontana.it/wp-content/uploads/2026/02/2026-02-REGOLAMENTO-TRAIL-2026-rev.3-18-02-2026-1.pdf,,,,primaria ufficiale,2026-10-08,"Certificato medico agonistico obbligatorio; costo non pubblicato. Commissioni/tasse non dichiarate. 14a edizione; corpo una volta dice decima, titolo/art.2 XIV. Early EUR 38 fino 31/12/25, standard EUR 49 fino 15/03. Tessera FIDAL/EPS/Runcard; non soci Mountain&Trail Runcard extra EUR 30. Pasto incluso."
Ultra Trail Lago d’Orta,UTLO 34K,IT,"Omegna, Piemonte",piccola,no,2026,34,1720,60,EUR,standard,,,,,https://www.ultratraillo.com/regolamento-utlo/,,,,primaria ufficiale,2026-10-08,Certificato medico agonistico obbligatorio; costo non pubblicato. Commissioni/tasse non dichiarate. Quattordicesima edizione. Tesseramento FIDAL/EPS/Runcard richiesto; CSEN extra EUR 7 per non tesserati. Early 50 fino 30/06; standard 60 da 01/07 al 04/10.
Porte di Pietra,Finestre di Pietra,IT,"Cantalupo Ligure, Piemonte",piccola,no,2026,37,2000,55,EUR,standard,,,,,https://www.portedipietra.it/wp-content/uploads/2026/05/REGOLAMENTO-porte-di-piera-2026.pdf,,,,primaria ufficiale,2026-10-08,"Certificato medico agonistico obbligatorio; costo non pubblicato. Commissioni/tasse non dichiarate. Ventunesima edizione. EUR 45 fino 02/04; 55 03/04-14/05. Distanza da elenco gare art.2, non riferimenti storici 70/74 km. Smartphone/app ISRA obbligatori; costo app non dichiarato. Qualifica trail >50 km solo consigliata."
Sotto il Vulcano Trail,Sotto il Vulcano Trail SVT Etna Nord 42K,IT,"Linguaglossa (CT), Sicilia",piccola,no,2026,42,1800,45,EUR,standard,,,,,https://42do.it/tsc_2026/uploads/disciplinari/disciplinare_svt_2026.pdf,,,,primaria ufficiale,2026-10-08,"Gara 11 ottobre 2026, '10ª edizione' dal disciplinare (livello evento). Scaglioni: EUR 40 fino al 30/9, 45 dall'1 al 9/10 (tardivo, ultimo). Solo online, niente iscrizione il giorno gara. La riga tessera CSI/FIDAL (+EUR 5 assicurazione annuale non soci) compare nella riga quota della 16 km: potrebbe non applicarsi alla 42 km. Nessuna regola sul certificato medico in questo PDF. Commissioni/tasse non dichiarate."
Trail del Marganai,Trail del Marganai 47K,IT,"Domusnovas, Sardegna",piccola,no,2026,47,2000,75,EUR,standard,,,,,https://www.traildelmarganai.org/regolamento-trail-del-marganai/,,https://www.traildelmarganai.org/en/rankings/,,primaria ufficiale,2026-10-08,"Certificato medico agonistico obbligatorio; costo non pubblicato. Commissioni/tasse non dichiarate. EUR 65 fino 09/02/26; 75 da 10/02 al 06/03. Sito già annuncia marzo 2027, ma regolamento e quote ancora 2026. Premio/ristoro inclusi; soccorso può essere a carico atleta."
Long Trail dei Monti Simbruini,Long Trail dei Monti Simbruini (LTMS),IT,"Subiaco (RM), Lazio",piccola,no,2026,48,3000,50,EUR,standard,,,,,http://www.traildeimontisimbruini.it/wp-content/uploads/2026/04/REGOLAMENTO-TMS-2026.pdf,,https://www.podisticasolidarieta.it/podistica/home.nsf/web-schedegare/032E158C6FCDE87DC1258D6B002E430D,,primaria ufficiale,2026-10-08,"Gara 17 maggio 2026; distanza 'circa 48 km' e dislivello 'circa 3000 m' dal regolamento. Scaglioni EUR 40, poi 45, finale EUR 50 (uguale il giorno gara); residenti Subiaco/soci club locali sempre allo scaglione minimo. Iscrizione via digitalrace.it fino al 14/5, pagamento solo bonifico. Certificato agonistico obbligatorio. Storico: risultati 2016 sul sito ufficiale; il database Podistica Solidarietà (fonte SECONDARIA) elenca la Long Trail 8ª (2023), 9ª (2024), 10ª (2025), 11ª (2026), tutte 48 km. Commissioni/tasse non dichiarate."
100 Miglia Monviso,100 Miglia Monviso M50K,IT,"Saluzzo/Valle Varaita, Piemonte",piccola,no,2026,50,3000,50,EUR,standard,,,,,https://www.100migliamonviso.eu/wp-content/uploads/2025/12/M50K-2026.pdf,,,,primaria ufficiale,2026-10-08,"Certificato medico agonistico obbligatorio; costo non pubblicato. Tessera FIDAL/EPS/Runcard o federazione estera richiesta; costo non indicato. Commissioni bancarie/piattaforma non rimborsabili, inclusione nel prezzo non dichiarata. Quinta edizione. EUR 40 lancio; 50 standard gennaio-aprile; 60 da maggio. Data versione PDF 01/12/2026 apparentemente refuso; corpo e quote 2026."
Gubbio Trail Città di Pietra,Gubbio Trail Città di Pietra Ultra Trail 50K,IT,"Gubbio (PG), Umbria",piccola,no,2026,50,2500,60,EUR,standard,,,,,https://www.gubbiotrail.it/ultra-trail-50km/,https://www.gubbiotrail.it/regolamento/,https://www.gubbiotrail.it/galleria/,,primaria ufficiale,2026-10-08,"Gara 11 aprile 2026, regolamento '5° Gubbio Trail' (livello evento); il sito presenta la 50K come nuova: non si afferma che sia già stata corsa. Scaglioni: EUR 30 fino al 18/1, 40 fino al 20/2, 50 fino al 31/3, 60 fino al 9/4 (finale). Obbligatoria tessera FIDAL o EPS (non bastano certificato o tessera OCR). Seconda riga dell'evento (con la 25K). Commissioni/tasse non dichiarate."
UltraliFoj,UltraliFoj UTLF 50,IT,"Picerno (PZ), Basilicata",piccola,no,2026,50,2191,75,EUR,standard,,,,,https://www.ultralifoj.it/utlf-50km/,https://www.ultralifoj.it/regolamento/,,,primaria ufficiale,2026-10-08,"Gara 14 giugno 2026, 'V edizione' dal regolamento (livello evento; non provato che la 50 km sia già stata corsa). Scaglioni: EUR 40 (20-31/1), 55 (1/2-15/3), 65 (16/3-15/5), 75 (16/5-12/6, finale). Certificato agonistico atletica + tessera UISP, oppure FIDAL/Runcard/Runcard EPS con certificato. Deposito GPS EUR 100 o documento originale. Commissioni/tasse non dichiarate."
Trail del Cinghiale,Trail del Cinghiale 50K,IT,"Palazzuolo sul Senio, Toscana",piccola,no,2026,50.87,2780,78,EUR,standard,,,,,https://www.traildelcinghialerace.com/regolamento,https://www.endu.net/events/trail-del-cinghiale/book,,,primaria ufficiale,2026-10-08,"Certificato medico agonistico obbligatorio; costo non pubblicato. Dodicesima edizione. Prezzo attuale ENDU non tesserati; tesserati EUR 75. ENDU dice + service fees (importo non visibile), mentre regolamento dice costi ENDU inclusi: conflitto non risolto. D+ dal regolamento 2026; pagina generale tutte-le-gare ha valori diversi."
Trail dei Nebrodi,Trail dei Nebrodi 55K,IT,"San Teodoro (ME), Sicilia",piccola,no,2026,55,2450,85,EUR,standard,,,,,https://www.iutaitalia.it/2026/06/10-trail-dei-nebrodi-2026-2/,https://ecotrailsicilia.it/2026-2/trail-dei-nebrodi-12-7-26/,https://ecotrailsicilia.it/2025-2/classifiche-trail-nebrodi-6-7-25/,,secondaria (annuncio IUTA) + pagina organizzatore,2026-10-08,"Gara 12 luglio 2026, '10° Trail dei Nebrodi'. ATTENZIONE: la tabella quote viene dall'annuncio IUTA (fonte secondaria che riproduce i dati dell'organizzatore); la pagina dell'organizzatore conferma 55 km/2450 m ma senza quote. Scaglioni: EUR 65 fino al 21/6, 75 (22/6-5/7), 85 (6-9/7, ultimo online), 100 l'11/7; primi 10 iscritti EUR 50. Tessera ACSI/FIDAL/Runcard (ACSI procurabile dall'organizzatore) e certificato agonistico. Pacco gara garantito solo entro il 4/7. Commissioni/tasse non dichiarate."
Ferriere Trail Festival,Ferriere Trail Festival FCR,IT,"Ferriere, Emilia-Romagna",piccola,no,2026,57,3100,85,EUR,standard,,,,,https://ferrieretrailfestival.it/wp-content/uploads/2025/11/Ferriere_Trail_Festival_Regolamento_2026.pdf,,https://ferrieretrailfestival.it/,,primaria ufficiale,2026-10-08,"Certificato medico agonistico obbligatorio; costo non pubblicato. Commissioni/tasse non dichiarate. Nona edizione; quote EUR 45 lancio; 55 fino 31/12/25; 70 fino 28/02/26; 85 da 01/03/26. Il PDF indica erroneamente lancio 31/10-02/11/2026, dopo chiusura 07/05/2026. Non usato lancio. Nessun prezzo 2027 ufficiale reperito."
Vibram Trail Mottarone,Vibram Lollo Max...i Trail Mottarone,IT,"Stresa, Piemonte",piccola,no,2026,57,4100,80,EUR,standard,,,,,https://trailmottarone.com/regolamento-60km/,,https://trailmottarone.com/en/rankings/,,primaria ufficiale,2026-10-08,"Certificato medico agonistico obbligatorio; costo non pubblicato. Commissioni/tasse non dichiarate. Quota unica EUR 80; percorso 57 km non 60 del vecchio URL. Ristori, assistenza, cronometraggio inclusi. Risultati ufficiali quarta edizione 2024 e quinta 2025."
Ultra Trail Lago d’Orta,UTLO 58K,IT,"Omegna, Piemonte",piccola,no,2026,57.8,3653,85,EUR,standard,,,,,https://www.ultratraillo.com/regolamento-utlo/,,,,primaria ufficiale,2026-10-08,"Certificato medico agonistico obbligatorio; costo non pubblicato. Commissioni/tasse non dichiarate. Quattordicesima edizione. Tesseramento FIDAL/EPS/Runcard richiesto; CSEN extra EUR 7 per non tesserati. Early 75 fino 30/06; standard 85 da 01/07 al 04/10. Art.2: 57,8 km/3653 D+; altre sezioni chiamano 56 km."
Dolomiti Extreme Trail,DXT 55K,IT,"Val di Zoldo, Veneto",piccola,no,2027,58,3600,125,EUR,standard,,,,,https://dolomitiextremetrail.com/regolamento,https://dolomitiextremetrail.com/iscrizioni,https://dolomitiextremetrail.com/en/,,primaria ufficiale,2026-10-08,"Certificato medico agonistico obbligatorio; costo non pubblicato. Commissioni/tasse non dichiarate. Quattordicesima edizione. Distanza reale circa 58 km, non il nome commerciale. Scaglione principale gennaio-aprile usato come standard, non esplicitamente etichettato: 95 a settembre; 110 ottobre-dicembre; 125 gennaio-15 aprile; 135 dal 16 aprile EUR. No conversione valuta."
Porte di Pietra,Porte di Pietra,IT,"Cantalupo Ligure, Piemonte",piccola,no,2026,73,4200,90,EUR,standard,,,,,https://www.portedipietra.it/wp-content/uploads/2026/05/REGOLAMENTO-porte-di-piera-2026.pdf,,,,primaria ufficiale,2026-10-08,"Certificato medico agonistico obbligatorio; costo non pubblicato. Commissioni/tasse non dichiarate. Ventunesima edizione. EUR 75 fino 02/04; 90 03/04-14/05. Distanza da elenco gare art.2, non riferimenti storici 70/74 km. Smartphone/app ISRA obbligatori; costo app non dichiarato. Qualifica trail >50 km solo consigliata."
Trans D'Havet,Trans D'Havet Ultra 80K,IT,"Valdagno-Recoaro (VI), Veneto",piccola,no,2026,83,5500,105,EUR,standard,,,,,https://www.transdhavet.it/iscrizioni,https://www.transdhavet.it/regolamento,,,primaria ufficiale,2026-10-08,"Gara 25 luglio 2026. Distanza 'circa 83 km' e 'circa 5500 m' dal regolamento; la pagina prezzi la chiama 80K. Scaglioni: EUR 65 fino al 6/1, 80 fino al 15/3, 105 dal 16/3 al 17/7 (finale). Edizioni precedenti: regolamenti FIDAL 2024 e 2025 (circa 83 km/5500 m). Tessera ASI +EUR 4 se non FIDAL/EPS, certificato agonistico, navetta EUR 5 opzionale, maglia EUR 22 opzionale. Stesso organizzatore dell'esclusa Ultrabericus, gara diversa. Commissioni/tasse non dichiarate."
Trail del Cinghiale,Trail del Cinghiale 100K,IT,"Palazzuolo sul Senio, Toscana",piccola,no,2026,99.7,5720,138,EUR,standard,,,,,https://www.traildelcinghialerace.com/regolamento,https://www.endu.net/events/trail-del-cinghiale/book,,,primaria ufficiale,2026-10-08,"Certificato medico agonistico obbligatorio; costo non pubblicato. Dodicesima edizione. Prezzo attuale ENDU non tesserati; tesserati EUR 135. ENDU dice + service fees (importo non visibile), mentre regolamento dice costi ENDU inclusi: conflitto non risolto. D+ dal regolamento 2026; pagina generale tutte-le-gare ha valori diversi. Cauzione tracker obbligatoria EUR 50, restituita alla riconsegna."
Sciacchetrail,Sciacchetrail 100K,IT,"Cinque Terre, Liguria",piccola,no,2026,100,5000,150,EUR,standard,150,2025,,,https://www.sciacchetrail.com/regolamento-100k-2026/,,https://www.sciacchetrail.com/classifiche-100km-2024/?lang=en,https://www.sciacchetrail.com/regolamento-100k-2025/?lang=en,primaria ufficiale,2026-10-08,Certificato medico agonistico obbligatorio; costo non pubblicato. Commissioni/tasse non dichiarate. Indice prestazione ITRA o UTMB minimo 530 uomini / 450 donne alla iscrizione. Esperienza trail richiesta; certificato agonistico anche pacer.  Pacer opzionale incluso; parcheggio e rientro a Monterosso non inclusi. Edizioni 2024 e 2025 documentate ufficialmente. Prezzo precedente 2025 EUR 150.
Trail del Marganai,Trail del Marganai 100K,IT,"Domusnovas, Sardegna",piccola,no,2026,100,5400,140,EUR,standard,,,,,https://www.traildelmarganai.org/regolamento-trail-del-marganai/,,https://www.traildelmarganai.org/en/rankings/,,primaria ufficiale,2026-10-08,"Certificato medico agonistico obbligatorio; costo non pubblicato. Commissioni/tasse non dichiarate. EUR 130 fino 09/02/26; 140 da 10/02 al 06/03. Sito già annuncia marzo 2027, ma regolamento e quote ancora 2026. Premio/ristoro inclusi; soccorso può essere a carico atleta."
Ultra Trail dei Castelli Bruciati,Ultra Trail dei Castelli Bruciati 100K,IT,"Gabiano (AL), Piemonte",piccola,no,2026,100,3750,120,EUR,standard,,,,,https://utcb.altervista.org/iscrizioni/,https://www.utcastellibruciati.com/le-gare/100km-3750-d/,https://www.irunning.it/events/trailcastellibruciati/,,primaria ufficiale,2026-10-08,"7ª edizione 28 marzo 2026 (223 partecipanti da pagina irunning); prossima il 27/3/2027, quota non ancora pubblicata. Scaglioni: EUR 95 fino al 31/12/25, 110 fino al 28/2/26, 120 fino al 24/3/26 (finale). Prezzo da blog dell'organizzatore; pagina percorso ancora con testo 2025. Max 100 partecipanti. Tessera ASD o Runcard e certificato medico. Staffetta 100 km separata, non considerata. Commissioni/tasse non dichiarate."
Dolomiti Extreme Trail,DXT 103K,IT,"Val di Zoldo, Veneto",piccola,no,2027,102,6500,185,EUR,standard,,,,,https://dolomitiextremetrail.com/regolamento,https://dolomitiextremetrail.com/iscrizioni,https://dolomitiextremetrail.com/en/,,primaria ufficiale,2026-10-08,"Certificato medico agonistico obbligatorio; costo non pubblicato. Commissioni/tasse non dichiarate. Quattordicesima edizione. Distanza reale circa 102 km, non il nome commerciale. Scaglione principale gennaio-aprile usato come standard, non esplicitamente etichettato: 150 a settembre; 170 ottobre-dicembre; 185 gennaio-15 aprile; 195 dal 16 aprile EUR. No conversione valuta."
Ferriere Trail Festival,Ferriere Trail Festival TVGT,IT,"Ferriere, Emilia-Romagna",piccola,no,2026,102,6000,150,EUR,standard,,,,,https://ferrieretrailfestival.it/wp-content/uploads/2025/11/Ferriere_Trail_Festival_Regolamento_2026.pdf,,https://ferrieretrailfestival.it/,,primaria ufficiale,2026-10-08,"Certificato medico agonistico obbligatorio; costo non pubblicato. Commissioni/tasse non dichiarate. Nona edizione; quote EUR 75 lancio; 90 fino 31/12/25; 130 fino 28/02/26; 150 da 01/03/26. Il PDF indica erroneamente lancio 31/10-02/11/2026, dopo chiusura 07/05/2026. Non usato lancio. Nessun prezzo 2027 ufficiale reperito."
Top Dolomites Ultra Trail,Top Dolomites Ultra Trail 102K,IT,"Pinzolo (TN), Trentino-Alto Adige",piccola,no,2027,102,4939,160,EUR,standard,,,,,https://www.topdolomites.it/iscrizioni/,https://www.topdolomites.it/regolamento/ultra-trail-102-k/,https://www.endu.net/events/top-dolomites-ultra-trail/book,,primaria ufficiale,2026-10-08,"4 giugno 2027. Scaglioni: EUR 130 fino al 30/10/26, 149 fino al 30/1/27, 160 poi (fino a esaurimento). Distanza: regolamento 102K, pagina percorso 99,8 km (D+ 4939 m). L'evento è alla 8ª edizione (2026) ma la 102K è nuova nel 2027: non si afferma che sia già stata corsa. Non soci +EUR 5 tessera giornaliera ACSI; certificato agonistico B1 obbligatorio. Commissioni/tasse non dichiarate."
Tuscany Crossing,Tuscany Crossing TC100K,IT,"Castiglione d’Orcia, Toscana",piccola,no,2027,103,3750,120,EUR,standard,,,,,https://en.tuscanycrossing.com/regolamento-trail,https://en.tuscanycrossing.com/103-km,https://www.tuscanycrossing.com/,,primaria ufficiale,2026-10-08,"Certificato medico agonistico obbligatorio; costo non pubblicato. Commissioni/tasse non dichiarate. Scaglioni EUR 90/105/120/130 rispettivamente fino 30/08/26, da 01/09/26, da 01/01/27, da 01/03/27; usato gennaio-febbraio come standard (non etichettato). Distanza/dislivello dalla pagina dedicata, non intestazione obsoleta TC100K 3240 D+. Pagina dedicata indica 3750 D+, intestazione sito 3240: usato corpo pagina percorso."
DoppiaW Ultra,DoppiaW Ultra W100,IT,"Tirano (SO)/Valposchiavo (CH), Lombardia",piccola,no,2026,104,6900,140,EUR,standard,,,,,https://www.doppiaw.com/w100/regolamento,,,,primaria ufficiale,2026-10-08,"Gara 19-20 giugno 2026 (transfrontaliera Italia/Svizzera). Scaglione finale EUR 140 (1/5-14/6); prima EUR 90 (Natale) e 110 (Promo). Quote prossima edizione non pubblicate. Tessera richiesta (Csen giornaliera +EUR 10 se non affiliati; Fidal/Runcard ok), certificato medico, deposito GPS/penale EUR 150. Index ITRA/UTMB 100M. Stampa: 8ª edizione dell'evento; risultati W100 su utmb.world. Non si afferma che la 104 km sia stata corsa prima del 2026. Commissioni/tasse non dichiarate."
Ultra Trail Gran Sasso,Ultra Trail Gran Sasso UTGS100,IT,"Prati di Tivo/Pietracamela (TE), Abruzzo",piccola,no,2025,108.8,6820,190,EUR,standard,,,,,https://www.ultratrailgransasso.it/regolamento-ultra-trail-gran-sasso.html,,,,primaria ufficiale,2026-10-08,"ATTENZIONE: dati dell'edizione 2025 (5ª, 12 luglio 2025), l'ultima con numeri pubblicati; edizione 2026 non confermata e il programma 2027 non sembra includere la 100K. Scaglioni 2025: EUR 110/120/130/150, finale 190 (2/6-9/7/2025). Tessera giornaliera EUR 10; richiesto ITRA-4 negli ultimi 2 anni o finisher UTGS/GTCG 2024. Commissioni/tasse non dichiarate."
Alpe Adria Ultra,Alpe Adria Ultra 120,IT,"Tarvisio/Valbruna (UD), Friuli-Venezia Giulia",piccola,no,2027,115.7,8224,144,EUR,early,,,,,https://www.alpeadriaultra.com/en/alpe-adria-ultra-120/,https://www.alpeadriaultra.com/iscrizioni/,,,primaria ufficiale,2026-10-08,"Edizione 18-20 giugno 2027. Nessuno scaglione 'standard' unico: la quota sale da EUR 120 (fino all'1/10/26) a 144 (2/10-1/12/26, attuale, registrata), 168, 192, 216 e 240 (10-20/6/27, ultimo). Base di 1 EUR/km da regolamento. Distanza/D+: pagina gara 117,9 km/8031 m, pagina iscrizioni e homepage 115,7 km/8224 m: usati questi ultimi, discrepanza non mediata. Edizioni dell'evento 2024 (4ª) e 2025 (UTMB index); non si afferma che la 115-120 km sia già stata corsa. Commissioni/tasse non dichiarate."
100 Miglia Monviso,100 Miglia Monviso M160K,IT,"Saluzzo/Valle Varaita, Piemonte",piccola,no,2026,160,9000,155,EUR,standard,,,,,https://www.100migliamonviso.eu/wp-content/uploads/2026/05/M160K-2026-15.5.pdf,,,,primaria ufficiale,2026-10-08,"Certificato medico agonistico obbligatorio; costo non pubblicato. Tessera FIDAL/EPS/Runcard o federazione estera richiesta; costo non indicato. Commissioni bancarie/piattaforma non rimborsabili, inclusione nel prezzo non dichiarata. Quinta edizione. EUR 135 lancio; 155 standard gennaio-aprile; 175 da maggio. Noleggio tracker obbligatorio incluso. Pacer opzionale EUR 25. Gara precedente >=80 km raccomandata, non obbligatoria."
Tuscany Crossing,Tuscany Crossing TC100M,IT,"Castiglione d’Orcia, Toscana",piccola,no,2027,161,5720,170,EUR,standard,,,,,https://en.tuscanycrossing.com/regolamento-trail,https://www.tuscanycrossing.com/100-miglia,https://www.tuscanycrossing.com/,,primaria ufficiale,2026-10-08,"Certificato medico agonistico obbligatorio; costo non pubblicato. Commissioni/tasse non dichiarate. Scaglioni EUR 145/160/170/180 rispettivamente fino 30/08/26, da 01/09/26, da 01/01/27, da 01/03/27; usato gennaio-febbraio come standard (non etichettato). Distanza/dislivello dalla pagina dedicata, non intestazione obsoleta TC100K 3240 D+. Regolamento chiama 160 km, pagina percorso 161 km."
Glentress February Trail Race,Glentress February Trail Race 10K,UK,"Glentress Forest, Scottish Borders, Scotland",piccola,no,2026,10,270,32,GBP,standard,,,,,https://www.highterrainevents.co.uk/glentress-trail-race,,,,primaria ufficiale,2026-10-08,"Seconda riga dell'evento. GBP 32 più 4% di commissione online (totale GBP 33,28). Edizione febbraio 2026."
Maverick Cotswolds,The Maverick Cotswolds Trail Middle,UK,"Sudeley Castle/Winchcombe, Cotswolds, England",piccola,no,2027,11,302,39,GBP,standard,,,,,https://www.maverick-race.com/products/the-maverick-cotswolds-trail-2027,https://www.letsdothis.com/gb/o/21986/checkout/ticket?preferred=true&eventId=268171&occurrenceId=21111176858,,,primaria ufficiale,2026-10-08,"Seconda riga dell'evento. GBP 39 più commissione obbligatoria GBP 2,34 (totale GBP 41,34)."
West Yorkshire Trail Run,West Yorkshire Trail Run Medium,UK,"Harewood House, Leeds, England",piccola,no,2027,13,188,39.5,GBP,standard,,,,,https://www.ukrunningevents.co.uk/events/trail-runs/west-yorkshire-trail-run-2027,,,,primaria ufficiale,2026-10-08,Seconda riga dell'evento. Commissioni/tasse non dichiarate.
Derbyshire Dales Trail Run,Derbyshire Dales Trail Run Medium,UK,"Bakewell, Peak District, England",piccola,no,2027,15,306,39.5,GBP,standard,,,,,https://www.ukrunningevents.co.uk/events/trail-runs/derbyshire-dales-trail-run-2027,,,,primaria ufficiale,2026-10-08,Seconda riga dell'evento. Stesse note della Half. Commissioni/tasse non dichiarate.
Place Fell 15,Place Fell 15,UK,"Patterdale/Ullswater, Lake District, England",piccola,no,2027,15,680,40,GBP,standard,,,,,https://www.sientries.co.uk/event.php?event_id=18904,,https://www.lakedistrictskytrails.com/place-fell-15/results,,primaria ufficiale,2026-10-08,"Edizione 18 luglio 2027 (Helvellyn Skyrunning Weekend; unica riga per questo weekend). Risultati ufficiali 2023, 2024 e 2025. Sentieri marcati semi-tecnici, kit obbligatorio, età minima 16 anni. Commissioni/tasse non dichiarate."
Jurassic Express Trail Run,Jurassic Express Trail Run Medium,UK,"Swanage-Corfe Castle, Dorset, England",piccola,no,2027,16.5,399,39.5,GBP,standard,,,,,https://www.ukrunningevents.co.uk/events/trail-runs/jurassic-express-trail-run-swanage-2027,,,,primaria ufficiale,2026-10-08,Seconda riga dell'evento. Stesse note su treno e parcheggio. Commissioni/tasse non dichiarate.
Preseli Beast,Preseli Beast Bach,UK,"Preseli Hills/Pembrokeshire, Wales",piccola,no,2026,17.7,550,15,GBP,standard,,,,,https://preselibeast.com/races/preseli-beast-bach/,,,,primaria ufficiale,2026-10-08,"Commissioni/tasse non dichiarate. Organizzatore indica 11 mi (~17,7 km) e 550 m/1700 ft (non equivalenti esatti). Calendari WFRA/FRA 18,2 km e 730-760 m: usati dati organizzatore. Categoria BM, navigazione richiesta. Beast dal 2013."
Bowland Trail Half,Bowland Trail Half,UK,"Slaidburn/Lancashire, England",piccola,no,2027,20.9,616,39,GBP,standard,,,,,https://www.sientries.co.uk/event/bowland-trail-half-2027-2027?elid=Y,https://bowlandultra.co.uk,https://results.opentracking.co.uk/index.php/event/bowlandhalf2025,,primaria ufficiale,2026-10-08,"Commissioni/tasse non dichiarate. GBP 39 regular, 34 primi 40; sconto 4 affiliati. 13 mi ≈20,9 km; homepage 2021 ft ≈616 m, iscrizioni 2000 ft ≈610 m: usata homepage, differenza segnalata. Tratti strada, percorso non marcato, mappa/descrizione fornite. Kit e briefing obbligatori. Foodbank senza minimo donazione né raccolta obbligatoria. Risultati 2024-2026. Risultati Half 2025 e 2026 verificati ufficialmente, almeno terza edizione 2027. Risultati 2026: https://results.opentracking.co.uk/event/bowlandhalf2026"
Glentress February Trail Race,Glentress February Trail Race 21K,UK,"Glentress Forest, Scottish Borders, Scotland",piccola,no,2026,21,633,35,GBP,standard,,,,,https://www.highterrainevents.co.uk/glentress-trail-race,,,,primaria ufficiale,2026-10-08,"Prezzo dell'edizione di febbraio 2026 (2027 annunciata per il 21 febbraio, iscrizioni dal 20 novembre 2026, quota non pubblicata). GBP 35 più 4% di commissione online obbligatoria (totale GBP 36,40). Risultati ufficiali 2024, 2025 e 2026. Singletrack/ghiaia, kit obbligatorio, parcheggio GBP 6/giorno. Distinta dalla Winter Half di novembre."
Scafell Skyrunning Weekend,Great Langdale 21,UK,"Langdale, Lake District, England",piccola,no,2027,21,850,50,GBP,standard,,,,,https://www.sientries.co.uk/event.php?event_id=18907,,https://www.lakedistrictskytrails.com/news/scafell-skyrunning-weekend-2026-race-directors-report-and-thanks,,primaria ufficiale,2026-10-08,"Edizione 5 giugno 2027. Il report del race director 2026 conferma la seconda edizione (la prima nel 2025). Fa parte dello Scafell Skyrunning Weekend, di cui la Scafell Sky Ultra era già tra le gare escluse: questa è l'unica riga nuova del weekend. Kit obbligatorio, età minima 16 anni. Commissioni/tasse non dichiarate."
Jurassic Express Trail Run,Jurassic Express Trail Run Half Marathon,UK,"Swanage-Corfe Castle, Dorset, England",piccola,no,2027,21,473,44.5,GBP,standard,,,,,https://www.ukrunningevents.co.uk/events/trail-runs/jurassic-express-trail-run-swanage-2027,,,,primaria ufficiale,2026-10-08,"Edizione 13 marzo 2027, percorso costiero point-to-point. Risultati 2025 e 2026. Biglietto del treno d'epoca di ritorno GBP 9 extra, non indicato come obbligatorio; parcheggio pubblico a pagamento. Ticket Protect +10%. Commissioni/tasse non dichiarate."
Mourne Way,Mourne Way Half Marathon,UK,"Mourne Mountains, County Down, Northern Ireland",piccola,no,2026,21.1,535,60,GBP,standard,,,,,https://26.events/event/e1ce2a3b-4897-4d5e-b785-5fcd41b2ce7c,,,,primaria ufficiale,2026-10-08,"Commissioni/tasse non dichiarate. Evento dal 2009. Bus Rostrevor-partenza obbligatorio (strada chiusa), costo non dichiarato. Distanza mezza maratona dichiarata."
Quantock Hills Half,Quantock Hills Half Marathon,UK,"Kilve/Somerset, England",piccola,no,2026,21.2,839,37.5,GBP,standard,,,,,https://www.prosperevents.co.uk/quantocks-half-marathon,,https://www.prosperevents.co.uk/event-results,,primaria ufficiale,2026-10-08,"Commissioni/tasse non dichiarate. Max 300; interamente trail segnalato, parcheggio gratuito. Risultati 2022-2025. Nessun costo extra obbligatorio dichiarato."
Derbyshire Dales Trail Run,Derbyshire Dales Trail Run Half Marathon,UK,"Bakewell, Peak District, England",piccola,no,2027,21.5,400,44.5,GBP,standard,,,,,https://www.ukrunningevents.co.uk/events/trail-runs/derbyshire-dales-trail-run-2027,,,,primaria ufficiale,2026-10-08,"Edizione 12 settembre 2027; il checkout ufficiale conferma GBP 44,50. Risultati ufficiali 2025 e 2026. Offerta di lancio 2027 (sconto fino a GBP 10) pubblicizzata a parte, registrato il prezzo pieno. Ticket Protect opzionale +10%. Oltre 1000 partecipanti attesi (evento grande, benchmark). Commissioni/tasse non dichiarate."
West Yorkshire Trail Run,West Yorkshire Trail Run Half Marathon,UK,"Harewood House, Leeds, England",piccola,no,2027,22,262,44.5,GBP,standard,,,,,https://www.ukrunningevents.co.uk/events/trail-runs/west-yorkshire-trail-run-2027,,,,primaria ufficiale,2026-10-08,Edizione 20 giugno 2027. Distanza 22 km dalla scheda percorso ufficiale (il testo dice 'nominale 21 km'). Risultati ufficiali 2025 e 2026. Offerta di lancio a parte; Ticket Protect +10%. Commissioni/tasse non dichiarate.
Maverick Cotswolds,The Maverick Cotswolds Trail Half Marathon,UK,"Sudeley Castle/Winchcombe, Cotswolds, England",piccola,no,2027,23,580,49,GBP,standard,,,,,https://www.maverick-race.com/products/the-maverick-cotswolds-trail-2027,https://www.letsdothis.com/gb/o/21986/checkout/ticket?preferred=true&eventId=268171&occurrenceId=21111176858,,,primaria ufficiale,2026-10-08,"Edizione 22 maggio 2027. GBP 49 più commissione di prenotazione obbligatoria GBP 2,94 sul checkout ufficiale Let's Do This (totale GBP 51,94). Prezzi USD auto-convertiti sulla pagina organizzatore non usati. Risultati ufficiali Cotswolds 2025 e 2026 (livello evento). Kit obbligatorio."
Hardmoors 15/30,Hardmoors 15,UK,"Robin Hood’s Bay, North Yorkshire, England",piccola,no,2027,28.2,518,48,GBP,standard,,,,,https://www.hardmoors110.org.uk/hardmoors-15/,,,,primaria ufficiale,2026-10-08,"Commissioni/tasse non dichiarate. Non affiliati 48 GBP, affiliati 46. Corpo 17,5 mi (~28,2 km), header 18 mi: usato corpo. D+ 1700 ft/518 m. Kit obbligatorio, checkpoint. Evento con archivio risultati."
Don Morrison Edale Skyline,Don Morrison Edale Skyline,UK,"Edale, Peak District, England",piccola,no,2026,34,1373,22,GBP,standard,20,2025,,,https://www.fellrunner.org.uk/races/828146f7-98ee-4487-9694-328cb86d1f92,https://www.sientries.co.uk/event/edale-skyline-fell-race-2026,https://dpfr.org.uk/wp_dpfr/edale-skyline,https://www.sientries.co.uk/event.php?elid=Y&event_id=15148,primaria ufficiale,2026-10-08,"FELL RACE più che trail: categoria AL, 22 marzo 2026, percorso non marcato, bussola e mappa obbligatorie, niente GPS, requisito di esperienza. GBP 22 non soci (soci FRA GBP 20). Edizione precedente 23 marzo 2025: GBP 20 non soci/18 soci. Corsa dal 1974. Commissioni/tasse non dichiarate."
Pembrokeshire Coastal Races,Pembrokeshire Coastal Path PCP 22 miglia,UK,"Pembrokeshire Coast Path, Wales",piccola,no,2026,35,1150,45,GBP,standard,45,2025,,,https://www.sientries.co.uk/event/pembrokeshire-coastal-races-2026,https://www.runwalkcrawl.co.uk/pcp2026,https://www.sientries.co.uk/event/pembrokeshire-coastal-races-2026,https://www.sientries.co.uk/event/pembrokeshire-coastal-races-2026,primaria ufficiale,2026-10-08,"Seconda riga dell'evento. L'organizzatore dichiara 35 km per 22 miglia. Prezzi precedenti: GBP 45 (2025), GBP 38 (2024). Commissioni/tasse non dichiarate."
Mourne Way,Mourne Way Marathon,UK,"Mourne Mountains, County Down, Northern Ireland",piccola,no,2026,42.2,1137,80,GBP,standard,,,,,https://26.events/event/e1ce2a3b-4897-4d5e-b785-5fcd41b2ce7c,,,,primaria ufficiale,2026-10-08,"Commissioni/tasse non dichiarate. Evento dal 2009. Bus Rostrevor-partenza previsto, inclusione/costo non dichiarati. Distanza maratona dichiarata."
Black Beacon,Black Beacon South 50K,UK,"Black Mountains/Bannau Brycheiniog, Wales",piccola,no,2026,50,2200,60,GBP,standard,,,,,https://www.sientries.co.uk/event/the-black-beacon-2026?elid=Y,https://www.sientries.co.uk/event.php?elid=Y&event_id=16891,https://www.sientries.co.uk/event.php?elid=Y&event_id=16891,,primaria ufficiale,2026-10-08,Edizione 30 ottobre-1 novembre 2026. Edizioni dell'evento 2023 e 2026 (nel 2023 le distanze erano 32 e 50 miglia): non si afferma che la 50K sia già stata corsa. Distinta dall'esclusa Rasus y Bannau. Commissioni/tasse non dichiarate.
Hundred Hills,Hundred Hills 50km,UK,"Chilterns/Oxfordshire, England",piccola,no,2027,50,1200,82,GBP,standard,80,2026,,,https://www.centurionrunning.com/races/hundred-hills-50km-2027,https://centurionrunning.com/races/hundred-hills-50km-2026,,https://www.centurionrunning.com/races/hundred-hills-50km-2026,primaria ufficiale,2026-10-08,"Commissioni/tasse non dichiarate. Quarta edizione. Standard non affiliati GBP 82, affiliati 80. D+ dichiarato 4000 ft/1200 m arrotondato dal sito, non conversione esatta. 80% trail/20% strada. Kit obbligatorio; no crew né pacers.  Prezzo precedente non affiliati GBP 80 (affiliati 78)."
Pembrokeshire Coastal Races,Pembrokeshire Coastal Path PCP 50K,UK,"Pembrokeshire Coast Path (St Davids-Dale), Wales",piccola,no,2026,50,1850,60,GBP,standard,60,2025,,,https://www.sientries.co.uk/event/pembrokeshire-coastal-races-2026,https://www.runwalkcrawl.co.uk/pcp2026,https://www.sientries.co.uk/event/pembrokeshire-coastal-races-2026,https://www.sientries.co.uk/event/pembrokeshire-coastal-races-2026,primaria ufficiale,2026-10-08,"Edizione 5-7 giugno 2026. Precedenti: GBP 60 (2025), GBP 48 (2024) su SiEntries. Edizioni 2024-2026. Campeggio opzionale GBP 10/notte. Dragon Coastal Races è un altro evento. La pagina 2027 esiste ma i prezzi non sono stati letti. Commissioni/tasse non dichiarate."
Serpent Trail,Serpent Trail 50km,UK,"Hampshire/Sussex, England",piccola,no,2027,50,700,95,GBP,standard,90,2026,,,https://www.sientries.co.uk/event/serpent-trail-2027,,,https://www.sientries.co.uk/event/serpent-trail-2026,primaria ufficiale,2026-10-08,"Commissioni/tasse non dichiarate. Pullman partenza incluso. Rate 50%+50% entro 01/02/27. Proventi a charity locale, nessuna raccolta obbligatoria. Risultati 2025 SportIdent."
Total Coastal,Total Coastal 50K,UK,"Kingswear, South Devon, England",piccola,no,2027,50,2134,52,GBP,standard,,,,,https://www.windingpaths.uk/total-coastal/,,https://www.windingpaths.uk/total-coastal/,,primaria ufficiale,2026-10-08,"Edizione 3 aprile 2027. GBP 50 affiliati, GBP 52 non affiliati (registrato non affiliati). Dislivello 7000 ft dalla pagina ufficiale convertito in ~2134 m (il report 2026 dice 'oltre 6700 ft'). Risultati ufficiali 2025 e 2026, pagina RaceNation 2024. Età minima 21 anni. Commissioni/tasse non dichiarate."
Ultra Tour Yorkshire Dales,Ultra Tour Yorkshire Dales 50K (UTYD),UK,"Yorkshire Dales, England",piccola,no,2026,50,1260,60,GBP,standard,60,2025,,,https://www.sientries.co.uk/event/ultra-tour-yorkshire-dales-50k-utyd-2026,,https://www.sientries.co.uk/event.php?elid=Y&event_id=14648,https://www.sientries.co.uk/event.php?elid=Y&event_id=14648,primaria ufficiale,2026-10-08,"Edizione 17 ottobre 2026; GBP 60 affiliati UKA/TRA, GBP 62 non affiliati (registrato il prezzo affiliati, unico confrontabile con la 2025). Edizione precedente: 18 ottobre 2025, GBP 60 affiliati (62 non affiliati). Organizzatore Due North Events; la pagina elenca 100K/50K/25K, non si afferma quali distanze siano state corse prima. Commissioni/tasse non dichiarate."
Hardmoors 15/30,Hardmoors 30,UK,"Robin Hood’s Bay, North Yorkshire, England",piccola,no,2027,51.5,1040,66,GBP,standard,,,,,https://www.hardmoors110.org.uk/hardmoors-30/,,,,primaria ufficiale,2026-10-08,"Commissioni/tasse non dichiarate. Non affiliati 66 GBP, affiliati 64. Header 32 mi (~51,5 km), checkpoint 30,5 mi: usato header. D+ 3400 ft/1040 m fornito ufficialmente. GBP 1 della quota al Cleveland Way, nessuna raccolta fondi obbligatoria. Kit obbligatorio. Risultati 2011-2026."
Pilgrims' Ultra,Pilgrims' Ultra 50K,UK,"Northumberland, England",piccola,no,2026,52,518,70,GBP,standard,,,,,https://pilgrimsultra.com/50km/,,,,primaria ufficiale,2026-10-08,"26 settembre 2026. GBP 70 (iscrizione più commissione). Risultati 2023, 2024 e 2025 su Open Tracking. Profilo costiero piatto: valutare se sia abbastanza 'trail'."
Glen Ogle 33,Glen Ogle 33,UK,"Perthshire, Scotland",piccola,no,2026,53,914,65,GBP,standard,,,,,https://www.entrycentral.com/event130279,https://runyarocket.com/race/glen-ogle-33/,,,primaria ufficiale,2026-10-08,"Standard GBP 65 più service fee 4% (min GBP 0,50). Early GBP 63 fino 30/09. Organizzatore indica 61/63: usato prezzo piattaforma ufficiale. Distanza 33 mile-ish, circa 53 km; D+ 3000 ft × 0,3048 = 914,4 m arrotondato. Edizioni 2025 e precedenti."
Gower Ultra,Gower Ultra Bach,UK,"Gower Peninsula, Wales",piccola,no,2026,54.7,1450,55,GBP,standard,,,,,https://www.sientries.co.uk/event/gower-ultra-50-ultra-bach-trail-race-2026,https://www.runwalkcrawl.co.uk/gower-faqs,https://www.runwalkcrawl.co.uk/results,,primaria ufficiale,2026-10-08,"Commissioni/tasse non dichiarate. 34 mi ≈54,7 km. D+ FAQ organizzatore 1450 m. Bus opzionale GBP 10. GPS incluso. Kit obbligatorio. Archivio risultati dal 2014."
Glen Tanar Trail Running Festival,Glen Tanar 55K Trail Run,UK,"Aberdeenshire, Scotland",piccola,no,2026,55,1789,70,GBP,standard,,,,,https://glentanartrailrunningfestival.co.uk/55km-trail-race/,,https://resultsbase.net/event/7441,,primaria ufficiale,2026-10-08,Edizione 25 luglio 2026. Il 2025 è documentato solo dalla pagina risultati resultsbase (non mostra la distanza): confidenza media sulla storicità della 55 km. Gara UTMB Index. Commissioni/tasse non dichiarate.
13 Valleys Ultra,5 Valleys Ultra (13 Valleys Ultra),UK,"Lake District, England",piccola,no,2027,58.1,2303,125,GBP,early,,,,,https://www.13valleysultra.com/enter/,https://www.13valleysultra.com/5-valleys-ultra/,,,primaria ufficiale (storico: articolo secondario),2026-10-08,"Edizione 25 settembre 2027. GBP 125 'Saver' (quota finale GBP 155). Distanza discordante tra pagine (55 km/58,4 km/58,1 km): usata la pagina evento. 5% della quota alla Lake District Foundation, nessuna raccolta fondi obbligatoria. 13 Valleys inaugurale nel 2023: fonte SECONDARIA (articolo run-ultra.com), da segnalare. Commissioni/tasse non dichiarate."
Cairngorm Ultra Trail,Cairngorm Ultra Trail 60K,UK,"Cairngorms, Scottish Highlands, Scotland",piccola,no,2026,60,1006,67,GBP,standard,,,,,https://www.highterrainevents.co.uk/cairngorm-ultra-trail,,https://www.highterrainevents.co.uk/cairngorm-ultra-trail,,primaria ufficiale,2026-10-08,Edizione 13 giugno 2026. GBP 67 dal 15 dicembre (early GBP 62) più 4% di commissione online. Risultati 2021-2025 sulla pagina ufficiale. Esiste anche una 48 km: non si afferma come precedente.
Devil o’ the Highlands,Devil o’ the Highlands,UK,"West Highland Way, Scotland",piccola,no,2027,69,1981,100,GBP,standard,100,2026,,,https://www.sientries.co.uk/event/devil-o-the-highlands-footrace-2027-2,,,https://www.sientries.co.uk/event/devil-o-the-highlands-footrace-2026,primaria ufficiale,2026-10-08,"Commissioni/tasse non dichiarate. SiEntries 42 mi/69 km, 6500 ft/1981 m; handbook 2026 circa 2200 m/7100 ft: usati dati edizione 2027 SiEntries, discordanza segnalata. Bus pre/post gara extra; parcheggio opzionale GBP 5. Nessuna qualifica. Molte edizioni."
Dragon Coastal Races,Dragon 50 Mile,UK,"Rhossili/Margam-Cardiff, Wales",piccola,no,2027,80.47,1073,90,GBP,standard,95,2026,,,https://www.runwalkcrawl.co.uk/dragon-coastal-races-2027,https://www.runwalkcrawl.co.uk/dragon-ultramarathon-faqs,https://www.runwalkcrawl.co.uk/results,https://www.sientries.co.uk/event/the-dragon-100-50-30-coastal-races-2026,primaria ufficiale,2026-10-08,"Commissioni/tasse non dichiarate. D+ dichiarato approssimativo, percorso può cambiare. Trasporto opzionale GBP 12. Conversione 50 mi × 1,609344. Qualifica precedente solo raccomandata. Prezzo 2026 da SiEntries ufficiale; percorso 2027 cambiato."
North Downs Way 50,North Downs Way 50,UK,"Farnham (Surrey)-Kent, England",piccola,no,2027,80.47,1700,120,GBP,standard,117,2026,,,https://www.centurionrunning.com/races/north-downs-way-50-2027,,https://www.centurionrunning.com/races/north-downs-way-50-2026,https://centurionrunning.com/races/north-downs-way-50-2026,primaria ufficiale,2026-10-08,GBP 120 non affiliati (affiliati 118). 80% trail/20% strada. Qualifica: maratona da gennaio 2021. Crew e pacer vietati. Con la NDW 100 già presente restano 2 righe per l'evento. Resoconto 2025 e risultati 2026 ufficiali. Commissioni/tasse non dichiarate.
South Downs Way 50,South Downs Way 50,UK,"Worthing-Eastbourne, Sussex, England",piccola,no,2027,80.47,1750,120,GBP,standard,115,2026,,,https://www.centurionrunning.com/races/south-downs-way-50-2027,,https://www.centurionrunning.com/races/south-downs-way-50-2026,https://www.centurionrunning.com/races/south-downs-way-50-2026,primaria ufficiale,2026-10-08,GBP 120 non affiliati (affiliati 118); nessuna commissione carta aggiuntiva dichiarata. 85% trail. Qualifica: maratona da gennaio 2022. Crew e pacer vietati. Con la SDW 100 già presente restano 2 righe per l'evento. Resoconti ufficiali 2024 e 2026.
Wendover Woods 50,Wendover Woods 50,UK,"Chilterns, Buckinghamshire, England",piccola,no,2026,80.47,3050,115,GBP,standard,115,2025,,,https://www.centurionrunning.com/races/wendover-woods-50-2026,,https://www.centurionrunning.com/races/wendover-woods-50-2025,https://www.centurionrunning.com/races/wendover-woods-50-2025,primaria ufficiale,2026-10-08,"5 giri da 10 miglia in foresta, 99% trail. Dislivello metrico dichiarato dall'organizzatore. Qualifica: maratona da gennaio 2021. Crew vietata. Resoconti ufficiali 2024 e 2025. 50 miglia Centurion, non le 100 miglia escluse. Commissioni/tasse non dichiarate."
Highland Fling,Highland Fling Ultramarathon,UK,"Milngavie-Tyndrum, Trossachs, Scotland",piccola,no,2026,85,2300,125,GBP,standard,,,,,https://www.sientries.co.uk/event/highland-fling-ultramarathon-2026?elid=Y,,https://highlandflingrace.org/results.html,,primaria ufficiale,2026-10-08,"Edizione 2026 (18ª). 90% trail/10% strada, 1000 posti (evento grande, benchmark). Qualifica: maratona/ultra completata dopo l'1/1/2024. Bus opzionali con importo non pubblicato. Bagagli, drop bag e cibo all'arrivo inclusi. Distinta dalla West Highland Way Race (esclusa). Commissioni/tasse non dichiarate."
Hardmoors 55,Hardmoors 55,UK,"Guisborough-Helmsley, North York Moors, England",piccola,no,2027,85.3,2300,132,GBP,standard,,,,,https://www.hardmoors110.org.uk/hardmoors-55/,https://www.sientries.co.uk/event/the-hardmoors-55-2027,https://www.hardmoors110.org.uk/hardmoors-55/,,primaria ufficiale,2026-10-08,"Edizione 2027; distanza ufficiale attuale 53 miglia nonostante il nome (convertita). GBP 132 non affiliati (affiliati 130; iniziale 122/120). Fine sconto: pagina ufficiale 1/12/2026, piattaforma 1/1/2027. Tracker obbligatorio incluso; pullman opzionale GBP 25; assicurazione rimborso opzionale +7,5%. Limite 350. GBP 2 donati dall'organizzatore, nessuna raccolta obbligatoria. Risultati 2025, 2026 e precedenti. Commissioni/tasse non dichiarate."
Cateran Trail Ultramarathon,Cateran Trail Ultramarathon,UK,"Spittal of Glenshee, Perthshire, Scotland",piccola,no,2027,90,2250,105,GBP,standard,,,,,https://www.entrycentral.com/event/130628,,https://runyarocket.com/wp-content/uploads/2025/07/CATERAN-2025.xlsx,,primaria ufficiale,2026-10-08,"Edizione 2027. GBP 105 (club GBP 103) più commissione EntryCentral 4% (totale GBP 109,20). Il banner del sito mostra ancora GBP 93/95: non usato. 150 posti, circa 90% sterrato, nessuna qualifica ma esperienza di 20 miglia consigliata. Risultati 2024 e 2025. 55 miglia/90 km dichiarati."
Epona 100,Epona 100 KM,UK,"Talgarth-Abergavenny, Bannau Brycheiniog, Wales",piccola,no,2027,100,3048,145,GBP,standard,,,,,https://epona100.com/the-epona-100km/,,https://epona100.com/epona-100-2025-results/,,primaria ufficiale,2026-10-08,"8 maggio 2027, nonstop 30 ore, circa 10000 ft convertiti. Seconda riga dell'evento. Edizioni provate dai risultati della 100 miglia 2024 e 2025: non si afferma che la 100 km sia già stata corsa. Commissioni/tasse non dichiarate."
Autumn 100,Autumn 100,UK,"Goring/Streatley, England",piccola,no,2026,160.93,1524,222,GBP,standard,,,,,https://centurionrunning.com/races/autumn-100-2026,,,,primaria ufficiale,2026-10-08,"Prezzo non affiliati; affiliati GBP 220. Commissioni/tasse non dichiarate. Qualifica: 50 miglia in <=15 ore nella finestra specificata sul sito. Pacers/crew opzionali, non obbligatori. Conversione esatta unità: 100 mi × 1,609344; 5000 ft × 0,3048.  Almeno 16 edizioni (archivio/annualità sito)."
Beacons Way Ultra,Beacons Way Ultra 100 Mile,UK,"Abergavenny-Llangadog, Wales",piccola,no,2027,160.93,6143,229,GBP,standard,,,,,https://www.gbultras.com/beacons-way-ultra-100/,https://www.gbultras.com/100-mile-ultras/,,,primaria ufficiale,2026-10-08,"Commissioni/tasse non dichiarate. Ottava edizione. 100 mi × 1,609344. Qualifica: almeno ultramaratona di 50 miglia + esperienza montana e navigazione. Bus rientro opzionale GBP 27,99. Tracker incluso; perdita/danno GBP 150 + VAT."
Dragon Coastal Races,Dragon 100,UK,"Rhossili/Margam-Cardiff, Wales",piccola,no,2027,160.93,3056,180,GBP,standard,160,2026,,,https://www.runwalkcrawl.co.uk/dragon-coastal-races-2027,https://www.runwalkcrawl.co.uk/dragon-ultramarathon-faqs,https://www.runwalkcrawl.co.uk/results,https://www.sientries.co.uk/event/the-dragon-100-50-30-coastal-races-2026,primaria ufficiale,2026-10-08,"Commissioni/tasse non dichiarate. D+ dichiarato approssimativo, percorso può cambiare. Trasporto opzionale GBP 20. Conversione 100 mi × 1,609344. Qualifica precedente solo raccomandata. Prezzo 2026 da SiEntries ufficiale; percorso 2027 cambiato."
Epona 100,Epona 100 Mile,UK,"Abergavenny, Bannau Brycheiniog, Wales",piccola,no,2027,160.93,5334,225,GBP,standard,,,,,https://epona100.com/start-your-adventure-here/,,https://epona100.com/epona-100-2025-results/,,primaria ufficiale,2026-10-08,"Edizione 2027. GBP 225 (early GBP 205). 17500 ft convertiti (la vecchia pagina About dice 17000 ft). Nonstop 50 ore. Tracker, checkpoint, assistenza medica e medaglia inclusi. Il prezzo 2024 (GBP 175) è noto ma non è dell'edizione immediatamente precedente: cella vuota. Risultati 2024 e 2025. Commissioni/tasse non dichiarate."
South Downs Way 100,South Downs Way 100,UK,"Winchester-Eastbourne, England",piccola,no,2027,160.93,3871,227,GBP,standard,222,2026,,,https://www.centurionrunning.com/races/south-downs-way-100-2027,,,https://www.centurionrunning.com/races/south-downs-way-100-2026,primaria ufficiale,2026-10-08,"Prezzo non affiliati; affiliati GBP 225. Tutte le commissioni incluse. Qualifica: 50 miglia in <=15 ore nella finestra specificata sul sito. Pacers/crew opzionali, non obbligatori. Conversione esatta unità: 100 mi × 1,609344; 12700 ft × 0,3048.  Almeno 16 edizioni (archivio/annualità sito)."
Thames Path 100,Thames Path 100,UK,"Richmond-Oxford, England",piccola,no,2027,160.93,579,227,GBP,standard,222,2026,,,https://centurionrunning.com/races/thames-path-100-2027,,,https://centurionrunning.com/races/thames-path-100-2026,primaria ufficiale,2026-10-08,"Prezzo non affiliati; affiliati GBP 225. Commissioni/tasse non dichiarate. Qualifica: 50 miglia in <=15 ore nella finestra specificata sul sito. Pacers/crew opzionali, non obbligatori. Conversione esatta unità: 100 mi × 1,609344; 1900 ft × 0,3048.  Almeno 16 edizioni (archivio/annualità sito)."
North Downs Way 100,North Downs Way 100,UK,"Farnham-Ashford, England",piccola,no,2027,165.76,3353,222,GBP,standard,222,2026,,,https://www.centurionrunning.com/races/north-downs-way-100-2027,,,https://www.centurionrunning.com/races/north-downs-way-100-2026,primaria ufficiale,2026-10-08,"Prezzo non affiliati; affiliati GBP 220. Commissioni/tasse non dichiarate. Qualifica: 50 miglia in <=15 ore nella finestra specificata sul sito. Pacers/crew opzionali, non obbligatori. Conversione esatta unità: 103 mi × 1,609344; 11000 ft × 0,3048. Nome 100, ma pagina percorso indica 103 miglia: usato percorso. Almeno 16 edizioni (archivio/annualità sito)."
Ultra Scotland 100,Ultra Scotland 100,UK,"St John’s Town of Dalry-Galashiels, Scotland",piccola,no,2027,167.37,4611,229,GBP,standard,,,,,https://www.gbultras.com/ultra-scotland-100/,https://www.gbultras.com/100-mile-ultras/,,,primaria ufficiale,2026-10-08,"Commissioni/tasse non dichiarate. Ottava edizione. 104 mi × 1,609344. Qualifica: maratona + ultramaratona organizzata di almeno 50 miglia; niente training run. Bus rientro opzionale GBP 34,99. Tracker incluso; perdita/danno GBP 150 + VAT."
Lavaredo Ultra Trail,120K,IT,,grande_circuito,si,2027,120,5800,320.31,EUR,standard,267.05,2026,si,si,,,,,da verificare,,UTMB World Series; incl. IVA 22% e commissione Njuko 9%
Lavaredo Ultra Trail,80K,IT,,grande_circuito,si,2027,80,4600,224.49,EUR,standard,190.75,2026,,,,,,,da verificare,,UTMB World Series
Lavaredo Ultra Trail,50K,IT,,grande_circuito,si,2027,50,2600,173.84,EUR,standard,119.90,2026,,,,,,,da verificare,,UTMB World Series; +45% in un anno
Ultra-Trail Snowdonia,UTS 50K,UK,,grande_circuito,si,2026,57,3400,189,GBP,standard,,,,,,,,,da verificare,,UTMB World Series; range 149-189
Ultra-Trail Snowdonia,UTS 100M,UK,,grande_circuito,si,2026,167,9600,299,GBP,standard,,,,,,,,,da verificare,,Range 259-299; richiede UTMB Index
